{
  "wall_clock_tps": 1038.7352825550204,
  "latency_tps": 119.41084123862954,
  "avg_latency": 8374449,
  "failures": 0,
  "iterations": 10000,
  "parallelism": 10,
  "utxo_input": 20,
  "utxo_output": 20,
  "system_info": {
    "GoVersion": "go1.24.7",
    "OS": "linux",
    "CPUModel": "Intel(R) Core(TM) i9-9900K CPU @ 3.60GHz",
    "TotalMemory": 33628123136,
    "AvailableMem": 22445748224
  },
  "bench_duration": 9627091876
}
