{
  "wall_clock_tps": 1057.0571459692126,
  "latency_tps": 122.2855063304761,
  "avg_latency": 8177584,
  "failures": 0,
  "iterations": 10000,
  "parallelism": 10,
  "utxo_input": 20,
  "utxo_output": 20,
  "system_info": {
    "GoVersion": "go1.24.7",
    "OS": "linux",
    "CPUModel": "Intel(R) Core(TM) i9-9900K CPU @ 3.60GHz",
    "TotalMemory": 33628123136,
    "AvailableMem": 22457708544
  },
  "bench_duration": 9460226477
}
