{
  "wall_clock_tps": 926.5761077266869,
  "latency_tps": 109.79922991212109,
  "avg_latency": 9107532,
  "failures": 0,
  "iterations": 10000,
  "parallelism": 10,
  "utxo_input": 20,
  "utxo_output": 20,
  "system_info": {
    "GoVersion": "go1.24.7",
    "OS": "linux",
    "CPUModel": "Intel(R) Core(TM) i9-9900K CPU @ 3.60GHz",
    "TotalMemory": 33628123136,
    "AvailableMem": 21222998016
  },
  "bench_duration": 10792421601
}
