{
  "wall_clock_tps": 982.2902265408909,
  "latency_tps": 113.91439242277914,
  "avg_latency": 8778522,
  "failures": 0,
  "iterations": 10000,
  "parallelism": 10,
  "utxo_input": 20,
  "utxo_output": 20,
  "system_info": {
    "GoVersion": "go1.24.7",
    "OS": "linux",
    "CPUModel": "Intel(R) Core(TM) i9-9900K CPU @ 3.60GHz",
    "TotalMemory": 33628123136,
    "AvailableMem": 22429757440
  },
  "bench_duration": 10180290641
}
