{
  "wall_clock_tps": 828.7587911670303,
  "latency_tps": 99.71418921944031,
  "avg_latency": 10028663,
  "failures": 0,
  "iterations": 10000,
  "parallelism": 10,
  "utxo_input": 20,
  "utxo_output": 20,
  "system_info": {
    "GoVersion": "go1.24.7",
    "OS": "linux",
    "CPUModel": "Intel(R) Core(TM) i9-9900K CPU @ 3.60GHz",
    "TotalMemory": 33628123136,
    "AvailableMem": 21188132864
  },
  "bench_duration": 12066237012
}
