{
  "wall_clock_tps": 1392.4863675560248,
  "latency_tps": 147.37270572013892,
  "avg_latency": 6785517,
  "failures": 0,
  "iterations": 10000,
  "parallelism": 10,
  "utxo_input": 20,
  "utxo_output": 20,
  "system_info": {
    "GoVersion": "go1.24.7",
    "OS": "linux",
    "CPUModel": "Intel(R) Core(TM) i9-9900K CPU @ 3.60GHz",
    "TotalMemory": 33628123136,
    "AvailableMem": 22411091968
  },
  "bench_duration": 7181398851
}
