{
  "wall_clock_tps": 1024.903054550745,
  "latency_tps": 124.54899252942688,
  "avg_latency": 8028969,
  "failures": 0,
  "iterations": 10000,
  "parallelism": 10,
  "utxo_input": 20,
  "utxo_output": 20,
  "system_info": {
    "GoVersion": "go1.24.7",
    "OS": "linux",
    "CPUModel": "Intel(R) Core(TM) i9-9900K CPU @ 3.60GHz",
    "TotalMemory": 33628123136,
    "AvailableMem": 21235220480
  },
  "bench_duration": 9757020389
}
