{
  "wall_clock_tps": 935.3641931136709,
  "latency_tps": 112.58607627729185,
  "avg_latency": 8882093,
  "failures": 0,
  "iterations": 10000,
  "parallelism": 10,
  "utxo_input": 20,
  "utxo_output": 20,
  "system_info": {
    "GoVersion": "go1.24.7",
    "OS": "linux",
    "CPUModel": "Intel(R) Core(TM) i9-9900K CPU @ 3.60GHz",
    "TotalMemory": 33628123136,
    "AvailableMem": 21225566208
  },
  "bench_duration": 10691022891
}
