{
  "wall_clock_tps": 1376.8878208578126,
  "latency_tps": 147.4330215468938,
  "avg_latency": 6782741,
  "failures": 0,
  "iterations": 10000,
  "parallelism": 10,
  "utxo_input": 20,
  "utxo_output": 20,
  "system_info": {
    "GoVersion": "go1.24.7",
    "OS": "linux",
    "CPUModel": "Intel(R) Core(TM) i9-9900K CPU @ 3.60GHz",
    "TotalMemory": 33628123136,
    "AvailableMem": 22405783552
  },
  "bench_duration": 7262755795
}
