{
  "wall_clock_tps": 1372.8349810267177,
  "latency_tps": 145.16320554035696,
  "avg_latency": 6888798,
  "failures": 0,
  "iterations": 10000,
  "parallelism": 10,
  "utxo_input": 20,
  "utxo_output": 20,
  "system_info": {
    "GoVersion": "go1.24.7",
    "OS": "linux",
    "CPUModel": "Intel(R) Core(TM) i9-9900K CPU @ 3.60GHz",
    "TotalMemory": 33628123136,
    "AvailableMem": 22399479808
  },
  "bench_duration": 7284196672
}
