{
  "wall_clock_tps": 905.4571760121105,
  "latency_tps": 106.28434910880041,
  "avg_latency": 9408723,
  "failures": 0,
  "iterations": 10000,
  "parallelism": 10,
  "utxo_input": 20,
  "utxo_output": 20,
  "system_info": {
    "GoVersion": "go1.24.7",
    "OS": "linux",
    "CPUModel": "Intel(R) Core(TM) i9-9900K CPU @ 3.60GHz",
    "TotalMemory": 33628123136,
    "AvailableMem": 21249077248
  },
  "bench_duration": 11044144621
}
