{
  "wall_clock_tps": 1091.52691363863,
  "latency_tps": 120.86609257690014,
  "avg_latency": 8273619,
  "failures": 0,
  "iterations": 10000,
  "parallelism": 10,
  "utxo_input": 20,
  "utxo_output": 20,
  "system_info": {
    "GoVersion": "go1.24.7",
    "OS": "linux",
    "CPUModel": "Intel(R) Core(TM) i9-9900K CPU @ 3.60GHz",
    "TotalMemory": 33628123136,
    "AvailableMem": 22430765056
  },
  "bench_duration": 9161478178
}
