{
  "wall_clock_tps": 1172.155729786302,
  "latency_tps": 139.17390544942384,
  "avg_latency": 7185255,
  "failures": 0,
  "iterations": 10000,
  "parallelism": 10,
  "utxo_input": 20,
  "utxo_output": 20,
  "system_info": {
    "GoVersion": "go1.24.7",
    "OS": "linux",
    "CPUModel": "Intel(R) Core(TM) i9-9900K CPU @ 3.60GHz",
    "TotalMemory": 33628123136,
    "AvailableMem": 22429708288
  },
  "bench_duration": 8531289611
}
