{
  "wall_clock_tps": 1043.258222941439,
  "latency_tps": 122.12937946795068,
  "avg_latency": 8188038,
  "failures": 0,
  "iterations": 10000,
  "parallelism": 10,
  "utxo_input": 20,
  "utxo_output": 20,
  "system_info": {
    "GoVersion": "go1.24.7",
    "OS": "linux",
    "CPUModel": "Intel(R) Core(TM) i9-9900K CPU @ 3.60GHz",
    "TotalMemory": 33628123136,
    "AvailableMem": 22437056512
  },
  "bench_duration": 9585354594
}
