{
  "wall_clock_tps": 1210.8374599374238,
  "latency_tps": 138.89052856874005,
  "avg_latency": 7199915,
  "failures": 0,
  "iterations": 10000,
  "parallelism": 10,
  "utxo_input": 20,
  "utxo_output": 20,
  "system_info": {
    "GoVersion": "go1.24.7",
    "OS": "linux",
    "CPUModel": "Intel(R) Core(TM) i9-9900K CPU @ 3.60GHz",
    "TotalMemory": 33628123136,
    "AvailableMem": 22456561664
  },
  "bench_duration": 8258746802
}
