{
  "wall_clock_tps": 1462.5980306348315,
  "latency_tps": 154.1585026892951,
  "avg_latency": 6486830,
  "failures": 0,
  "iterations": 10000,
  "parallelism": 10,
  "utxo_input": 20,
  "utxo_output": 20,
  "system_info": {
    "GoVersion": "go1.24.7",
    "OS": "linux",
    "CPUModel": "Intel(R) Core(TM) i9-9900K CPU @ 3.60GHz",
    "TotalMemory": 33628123136,
    "AvailableMem": 22405369856
  },
  "bench_duration": 6837148547
}
