{
  "wall_clock_tps": 1286.263076948888,
  "latency_tps": 140.7394167477091,
  "avg_latency": 7105330,
  "failures": 0,
  "iterations": 10000,
  "parallelism": 10,
  "utxo_input": 20,
  "utxo_output": 20,
  "system_info": {
    "GoVersion": "go1.24.7",
    "OS": "linux",
    "CPUModel": "Intel(R) Core(TM) i9-9900K CPU @ 3.60GHz",
    "TotalMemory": 33628123136,
    "AvailableMem": 22388613120
  },
  "bench_duration": 7774459346
}
