{
  "wall_clock_tps": 1457.1807994038638,
  "latency_tps": 153.88147556331393,
  "avg_latency": 6498508,
  "failures": 0,
  "iterations": 10000,
  "parallelism": 10,
  "utxo_input": 20,
  "utxo_output": 20,
  "system_info": {
    "GoVersion": "go1.24.7",
    "OS": "linux",
    "CPUModel": "Intel(R) Core(TM) i9-9900K CPU @ 3.60GHz",
    "TotalMemory": 33628123136,
    "AvailableMem": 22397304832
  },
  "bench_duration": 6862566405
}
