{
  "wall_clock_tps": 1683.466558000292,
  "latency_tps": 176.99813638662198,
  "avg_latency": 5649777,
  "failures": 0,
  "iterations": 10000,
  "parallelism": 10,
  "utxo_input": 20,
  "utxo_output": 20,
  "system_info": {
    "GoVersion": "go1.24.7",
    "OS": "linux",
    "CPUModel": "Intel(R) Core(TM) i9-9900K CPU @ 3.60GHz",
    "TotalMemory": 33628123136,
    "AvailableMem": 22401990656
  },
  "bench_duration": 5940123938
}
